city_id,city_name,population_density,competition_index,market_attractiveness_score
101,London,13034.517508813617,0.6333852238860718,0.5215127856709512
102,Paris,14274.36198132182,0.5087765944360497,0.5088343381204719
103,Berlin,15210.085598386055,0.4430114328917468,0.6431844778131058
